CREATE TABLE CATEGORIE
(
  ID_CATEGORIA    NUMBER,
  NOME_CATEGORIA  VARCHAR2(50 BYTE)
);
ALTER TABLE CATEGORIE ADD (
  PRIMARY KEY
  (ID_CATEGORIA)
  USING INDEX);
  
CREATE TABLE CLIENTI
(
  ID_CLIENTE  NUMBER,
  NOME        VARCHAR2(50 BYTE),
  COGNOME     VARCHAR2(50 BYTE),
  CITTÀ       VARCHAR2(50 BYTE),
  EMAIL       VARCHAR2(100 BYTE),
  TELEFONO    VARCHAR2(20 BYTE)
);
ALTER TABLE CLIENTI ADD (
  PRIMARY KEY
  (ID_CLIENTE)
  USING INDEX);
  
CREATE TABLE ORDINI
(
  ID_ORDINE    NUMBER,
  ID_CLIENTE   NUMBER                           NOT NULL,
  DATA_ORDINE  DATE                             NOT NULL
);
ALTER TABLE ORDINI ADD (
  PRIMARY KEY
  (ID_ORDINE)
  USING INDEX);
ALTER TABLE ORDINI ADD (
  CONSTRAINT FK_ORD_CLIENTE 
  FOREIGN KEY (ID_CLIENTE) 
  REFERENCES CLIENTI (ID_CLIENTE)
  ENABLE VALIDATE);
  
CREATE TABLE PRODOTTI
(
  ID_PRODOTTO    NUMBER,
  NOME_PRODOTTO  VARCHAR2(100 BYTE),
  PREZZO         NUMBER(10,2),
  ID_CATEGORIA   NUMBER
);
ALTER TABLE PRODOTTI ADD (
  PRIMARY KEY
  (ID_PRODOTTO)
  USING INDEX);
ALTER TABLE PRODOTTI ADD (
  CONSTRAINT FK_CAT 
  FOREIGN KEY (ID_CATEGORIA) 
  REFERENCES CATEGORIE (ID_CATEGORIA)
  ENABLE VALIDATE);
  
CREATE TABLE RIGHE_ORDINE
(
  ID_RIGA      NUMBER,
  ID_ORDINE    NUMBER                           NOT NULL,
  ID_PRODOTTO  NUMBER                           NOT NULL,
  QUANTITA     NUMBER                           NOT NULL,
  PREZZO_UNIT  NUMBER(10,2)                     NOT NULL
);

ALTER TABLE RIGHE_ORDINE ADD (
  PRIMARY KEY
  (ID_RIGA)
  USING INDEX);
ALTER TABLE RIGHE_ORDINE ADD (
  CONSTRAINT FK_RIGA_ORDINE 
  FOREIGN KEY (ID_ORDINE) 
  REFERENCES ORDINI (ID_ORDINE)
  ENABLE VALIDATE,
  CONSTRAINT FK_RIGA_PRODOTTO 
  FOREIGN KEY (ID_PRODOTTO) 
  REFERENCES PRODOTTI (ID_PRODOTTO)
  ENABLE VALIDATE);

 
DML per popolamento tabelle
--CATEGORIE
Insert into CATEGORIE
   (ID_CATEGORIA, NOME_CATEGORIA)
 Values
   (1, 'Elettronica');
Insert into CATEGORIE
   (ID_CATEGORIA, NOME_CATEGORIA)
 Values
   (2, 'Casa');
Insert into CATEGORIE
   (ID_CATEGORIA, NOME_CATEGORIA)
 Values
   (3, 'Sport');

--PRODOTTI
Insert into PRODOTTI
   (ID_PRODOTTO, NOME_PRODOTTO, PREZZO, ID_CATEGORIA)
 Values
   (1, 'Smartphone X', 599.99, 1);
Insert into PRODOTTI
   (ID_PRODOTTO, NOME_PRODOTTO, PREZZO, ID_CATEGORIA)
 Values
   (2, 'TV 55"', 799.99, 1);
Insert into PRODOTTI
   (ID_PRODOTTO, NOME_PRODOTTO, PREZZO, ID_CATEGORIA)
 Values
   (3, 'Aspirapolvere', 129.99, 2);
Insert into PRODOTTI
   (ID_PRODOTTO, NOME_PRODOTTO, PREZZO, ID_CATEGORIA)
 Values
   (4, 'Bicicletta', 349.99, 3);
Insert into PRODOTTI
   (ID_PRODOTTO, NOME_PRODOTTO, PREZZO, ID_CATEGORIA)
 Values
   (5, 'Cuffie Wireless', 89.99, 1);
Insert into PRODOTTI
   (ID_PRODOTTO, NOME_PRODOTTO, PREZZO, ID_CATEGORIA)
 Values
   (6, 'Frullatore', 49.99, 2);
Insert into PRODOTTI
   (ID_PRODOTTO, NOME_PRODOTTO, PREZZO, ID_CATEGORIA)
 Values
   (7, 'Monitor 27"', 199.99, 1);
Insert into PRODOTTI
   (ID_PRODOTTO, NOME_PRODOTTO, PREZZO, ID_CATEGORIA)
 Values
   (8, 'Tapis Roulant', 599.99, 3);
Insert into PRODOTTI
   (ID_PRODOTTO, NOME_PRODOTTO, PREZZO, ID_CATEGORIA)
 Values
   (9, 'Lampada LED', 39.99, 2);
Insert into PRODOTTI
   (ID_PRODOTTO, NOME_PRODOTTO, PREZZO, ID_CATEGORIA)
 Values
   (10, 'Pallone Calcio', 24.99, 3);
Insert into PRODOTTI
   (ID_PRODOTTO, NOME_PRODOTTO, PREZZO, ID_CATEGORIA)
 Values
   (11, 'Tastiera da gaming', 19.99, 1);

--CLIENTI
Insert into CLIENTI
   (ID_CLIENTE, NOME, COGNOME, CITTÀ, EMAIL, 
    TELEFONO)
 Values
   (1, 'Marco', 'Rossi', 'Milano', 'marco.rossi@gmail.com', 
    '3331112222');
Insert into CLIENTI
   (ID_CLIENTE, NOME, COGNOME, CITTÀ, EMAIL, 
    TELEFONO)
 Values
   (2, 'Anna', 'Verdi', 'Roma', 'anna.verdi@gmail.com', 
    '3332223333');
Insert into CLIENTI
   (ID_CLIENTE, NOME, COGNOME, CITTÀ, EMAIL, 
    TELEFONO)
 Values
   (3, 'Luca', 'Bianchi', 'Torino', 'luca.bianchi@yahoo.it', 
    '3395556666');
Insert into CLIENTI
   (ID_CLIENTE, NOME, COGNOME, CITTÀ, EMAIL, 
    TELEFONO)
 Values
   (4, 'Sara', 'Neri', 'Milano', 'sara.neri@gmail.com', 
    '3204445555');
Insert into CLIENTI
   (ID_CLIENTE, NOME, COGNOME, CITTÀ, EMAIL)
 Values
   (5, 'Paolo', 'Gialli', 'Roma', 'paolo.gialli@gmail.com');
Insert into CLIENTI
   (ID_CLIENTE, NOME, COGNOME, CITTÀ, EMAIL, 
    TELEFONO)
 Values
   (6, 'Giulia', 'Rosa', 'Bologna', 'giulia.rosa@gmail.com', 
    '3337778888');
Insert into CLIENTI
   (ID_CLIENTE, NOME, COGNOME, CITTÀ, EMAIL, 
    TELEFONO)
 Values
   (7, 'Elisa', 'Blu', 'Napoli', 'elisa.blu@gmail.com', 
    '3339991111');
Insert into CLIENTI
   (ID_CLIENTE, NOME, COGNOME, CITTÀ, EMAIL, 
    TELEFONO)
 Values
   (8, 'Davide', 'Marroni', 'Firenze', 'davide.marroni@gmail.com', 
    '3312224444');
Insert into CLIENTI
   (ID_CLIENTE, NOME, COGNOME, CITTÀ, EMAIL, 
    TELEFONO)
 Values
   (9, 'Chiara', 'Argento', 'Genova', 'chiara.argento@gmail.com', 
    '3381112222');
Insert into CLIENTI
   (ID_CLIENTE, NOME, COGNOME, CITTÀ, EMAIL, 
    TELEFONO)
 Values
   (10, 'Stefano', 'Viola', 'Venezia', 'stefano.viola@gmail.com', 
    '3375556666');
Insert into CLIENTI
   (ID_CLIENTE, NOME, COGNOME, CITTÀ, EMAIL, 
    TELEFONO)
 Values
   (11, 'Teo', 'Magenta', 'Sassari', 'teo.magenta@gmail.com', 
    '3345634666');

--ORDINI
Insert into ORDINI
   (ID_ORDINE, ID_CLIENTE, DATA_ORDINE)
 Values
   (2001, 1, TO_DATE('01/05/2025 00:00:00', 'MM/DD/YYYY HH24:MI:SS'));
Insert into ORDINI
   (ID_ORDINE, ID_CLIENTE, DATA_ORDINE)
 Values
   (2002, 2, TO_DATE('01/06/2025 00:00:00', 'MM/DD/YYYY HH24:MI:SS'));
Insert into ORDINI
   (ID_ORDINE, ID_CLIENTE, DATA_ORDINE)
 Values
   (2003, 3, TO_DATE('01/07/2025 00:00:00', 'MM/DD/YYYY HH24:MI:SS'));
Insert into ORDINI
   (ID_ORDINE, ID_CLIENTE, DATA_ORDINE)
 Values
   (2004, 4, TO_DATE('01/08/2025 00:00:00', 'MM/DD/YYYY HH24:MI:SS'));
Insert into ORDINI
   (ID_ORDINE, ID_CLIENTE, DATA_ORDINE)
 Values
   (2005, 5, TO_DATE('01/09/2025 00:00:00', 'MM/DD/YYYY HH24:MI:SS'));
Insert into ORDINI
   (ID_ORDINE, ID_CLIENTE, DATA_ORDINE)
 Values
   (2006, 6, TO_DATE('01/10/2025 00:00:00', 'MM/DD/YYYY HH24:MI:SS'));
Insert into ORDINI
   (ID_ORDINE, ID_CLIENTE, DATA_ORDINE)
 Values
   (2007, 7, TO_DATE('01/11/2025 00:00:00', 'MM/DD/YYYY HH24:MI:SS'));
Insert into ORDINI
   (ID_ORDINE, ID_CLIENTE, DATA_ORDINE)
 Values
   (2008, 8, TO_DATE('01/12/2025 00:00:00', 'MM/DD/YYYY HH24:MI:SS'));
Insert into ORDINI
   (ID_ORDINE, ID_CLIENTE, DATA_ORDINE)
 Values
   (2009, 9, TO_DATE('01/13/2025 00:00:00', 'MM/DD/YYYY HH24:MI:SS'));
Insert into ORDINI
   (ID_ORDINE, ID_CLIENTE, DATA_ORDINE)
 Values
   (2010, 10, TO_DATE('01/14/2025 00:00:00', 'MM/DD/YYYY HH24:MI:SS'));
Insert into ORDINI
   (ID_ORDINE, ID_CLIENTE, DATA_ORDINE)
 Values
   (2011, 1, TO_DATE('02/01/2025 00:00:00', 'MM/DD/YYYY HH24:MI:SS'));
Insert into ORDINI
   (ID_ORDINE, ID_CLIENTE, DATA_ORDINE)
 Values
   (2012, 2, TO_DATE('02/02/2025 00:00:00', 'MM/DD/YYYY HH24:MI:SS'));
Insert into ORDINI
   (ID_ORDINE, ID_CLIENTE, DATA_ORDINE)
 Values
   (2013, 3, TO_DATE('02/03/2025 00:00:00', 'MM/DD/YYYY HH24:MI:SS'));
Insert into ORDINI
   (ID_ORDINE, ID_CLIENTE, DATA_ORDINE)
 Values
   (2014, 4, TO_DATE('02/04/2025 00:00:00', 'MM/DD/YYYY HH24:MI:SS'));
Insert into ORDINI
   (ID_ORDINE, ID_CLIENTE, DATA_ORDINE)
 Values
   (2015, 5, TO_DATE('02/05/2025 00:00:00', 'MM/DD/YYYY HH24:MI:SS'));
Insert into ORDINI
   (ID_ORDINE, ID_CLIENTE, DATA_ORDINE)
 Values
   (2016, 6, TO_DATE('02/06/2025 00:00:00', 'MM/DD/YYYY HH24:MI:SS'));
Insert into ORDINI
   (ID_ORDINE, ID_CLIENTE, DATA_ORDINE)
 Values
   (2017, 7, TO_DATE('02/07/2025 00:00:00', 'MM/DD/YYYY HH24:MI:SS'));
Insert into ORDINI
   (ID_ORDINE, ID_CLIENTE, DATA_ORDINE)
 Values
   (2018, 8, TO_DATE('02/08/2025 00:00:00', 'MM/DD/YYYY HH24:MI:SS'));
Insert into ORDINI
   (ID_ORDINE, ID_CLIENTE, DATA_ORDINE)
 Values
   (2019, 9, TO_DATE('02/09/2025 00:00:00', 'MM/DD/YYYY HH24:MI:SS'));
Insert into ORDINI
   (ID_ORDINE, ID_CLIENTE, DATA_ORDINE)
 Values
   (2020, 10, TO_DATE('02/10/2025 00:00:00', 'MM/DD/YYYY HH24:MI:SS'));
Insert into ORDINI
   (ID_ORDINE, ID_CLIENTE, DATA_ORDINE)
 Values
   (2021, 1, TO_DATE('03/01/2025 00:00:00', 'MM/DD/YYYY HH24:MI:SS'));
Insert into ORDINI
   (ID_ORDINE, ID_CLIENTE, DATA_ORDINE)
 Values
   (2022, 2, TO_DATE('03/02/2025 00:00:00', 'MM/DD/YYYY HH24:MI:SS'));
Insert into ORDINI
   (ID_ORDINE, ID_CLIENTE, DATA_ORDINE)
 Values
   (2023, 3, TO_DATE('03/03/2025 00:00:00', 'MM/DD/YYYY HH24:MI:SS'));
Insert into ORDINI
   (ID_ORDINE, ID_CLIENTE, DATA_ORDINE)
 Values
   (2024, 4, TO_DATE('03/04/2025 00:00:00', 'MM/DD/YYYY HH24:MI:SS'));
Insert into ORDINI
   (ID_ORDINE, ID_CLIENTE, DATA_ORDINE)
 Values
   (2025, 5, TO_DATE('03/05/2025 00:00:00', 'MM/DD/YYYY HH24:MI:SS'));
Insert into ORDINI
   (ID_ORDINE, ID_CLIENTE, DATA_ORDINE)
 Values
   (2026, 6, TO_DATE('03/06/2025 00:00:00', 'MM/DD/YYYY HH24:MI:SS'));
Insert into ORDINI
   (ID_ORDINE, ID_CLIENTE, DATA_ORDINE)
 Values
   (2027, 7, TO_DATE('03/07/2025 00:00:00', 'MM/DD/YYYY HH24:MI:SS'));
Insert into ORDINI
   (ID_ORDINE, ID_CLIENTE, DATA_ORDINE)
 Values
   (2028, 8, TO_DATE('03/08/2025 00:00:00', 'MM/DD/YYYY HH24:MI:SS'));
Insert into ORDINI
   (ID_ORDINE, ID_CLIENTE, DATA_ORDINE)
 Values
   (2029, 9, TO_DATE('03/09/2025 00:00:00', 'MM/DD/YYYY HH24:MI:SS'));
Insert into ORDINI
   (ID_ORDINE, ID_CLIENTE, DATA_ORDINE)
 Values
   (2030, 10, TO_DATE('03/10/2025 00:00:00', 'MM/DD/YYYY HH24:MI:SS'));




--RIGHE_ORDINE
Insert into RIGHE_ORDINE
   (ID_RIGA, ID_ORDINE, ID_PRODOTTO, QUANTITA, PREZZO_UNIT)
 Values
   (5001, 2001, 1, 1, 599.99);
Insert into RIGHE_ORDINE
   (ID_RIGA, ID_ORDINE, ID_PRODOTTO, QUANTITA, PREZZO_UNIT)
 Values
   (5002, 2001, 5, 2, 89.99);
Insert into RIGHE_ORDINE
   (ID_RIGA, ID_ORDINE, ID_PRODOTTO, QUANTITA, PREZZO_UNIT)
 Values
   (5003, 2001, 9, 1, 39.99);
Insert into RIGHE_ORDINE
   (ID_RIGA, ID_ORDINE, ID_PRODOTTO, QUANTITA, PREZZO_UNIT)
 Values
   (5004, 2002, 3, 1, 129.99);
Insert into RIGHE_ORDINE
   (ID_RIGA, ID_ORDINE, ID_PRODOTTO, QUANTITA, PREZZO_UNIT)
 Values
   (5005, 2002, 6, 1, 49.99);
Insert into RIGHE_ORDINE
   (ID_RIGA, ID_ORDINE, ID_PRODOTTO, QUANTITA, PREZZO_UNIT)
 Values
   (5006, 2002, 10, 3, 24.99);
Insert into RIGHE_ORDINE
   (ID_RIGA, ID_ORDINE, ID_PRODOTTO, QUANTITA, PREZZO_UNIT)
 Values
   (5007, 2003, 4, 1, 349.99);
Insert into RIGHE_ORDINE
   (ID_RIGA, ID_ORDINE, ID_PRODOTTO, QUANTITA, PREZZO_UNIT)
 Values
   (5008, 2003, 7, 1, 199.99);
Insert into RIGHE_ORDINE
   (ID_RIGA, ID_ORDINE, ID_PRODOTTO, QUANTITA, PREZZO_UNIT)
 Values
   (5009, 2003, 5, 2, 89.99);
Insert into RIGHE_ORDINE
   (ID_RIGA, ID_ORDINE, ID_PRODOTTO, QUANTITA, PREZZO_UNIT)
 Values
   (5010, 2004, 2, 1, 799.99);
Insert into RIGHE_ORDINE
   (ID_RIGA, ID_ORDINE, ID_PRODOTTO, QUANTITA, PREZZO_UNIT)
 Values
   (5011, 2004, 1, 1, 599.99);
Insert into RIGHE_ORDINE
   (ID_RIGA, ID_ORDINE, ID_PRODOTTO, QUANTITA, PREZZO_UNIT)
 Values
   (5012, 2004, 9, 2, 39.99);
Insert into RIGHE_ORDINE
   (ID_RIGA, ID_ORDINE, ID_PRODOTTO, QUANTITA, PREZZO_UNIT)
 Values
   (5013, 2005, 5, 1, 89.99);
Insert into RIGHE_ORDINE
   (ID_RIGA, ID_ORDINE, ID_PRODOTTO, QUANTITA, PREZZO_UNIT)
 Values
   (5014, 2005, 3, 1, 129.99);
Insert into RIGHE_ORDINE
   (ID_RIGA, ID_ORDINE, ID_PRODOTTO, QUANTITA, PREZZO_UNIT)
 Values
   (5015, 2005, 6, 2, 49.99);
Insert into RIGHE_ORDINE
   (ID_RIGA, ID_ORDINE, ID_PRODOTTO, QUANTITA, PREZZO_UNIT)
 Values
   (5016, 2006, 7, 1, 199.99);
Insert into RIGHE_ORDINE
   (ID_RIGA, ID_ORDINE, ID_PRODOTTO, QUANTITA, PREZZO_UNIT)
 Values
   (5017, 2006, 8, 1, 599.99);
Insert into RIGHE_ORDINE
   (ID_RIGA, ID_ORDINE, ID_PRODOTTO, QUANTITA, PREZZO_UNIT)
 Values
   (5018, 2006, 10, 2, 24.99);
Insert into RIGHE_ORDINE
   (ID_RIGA, ID_ORDINE, ID_PRODOTTO, QUANTITA, PREZZO_UNIT)
 Values
   (5019, 2007, 1, 1, 599.99);
Insert into RIGHE_ORDINE
   (ID_RIGA, ID_ORDINE, ID_PRODOTTO, QUANTITA, PREZZO_UNIT)
 Values
   (5020, 2007, 4, 1, 349.99);
Insert into RIGHE_ORDINE
   (ID_RIGA, ID_ORDINE, ID_PRODOTTO, QUANTITA, PREZZO_UNIT)
 Values
   (5021, 2007, 5, 1, 89.99);
Insert into RIGHE_ORDINE
   (ID_RIGA, ID_ORDINE, ID_PRODOTTO, QUANTITA, PREZZO_UNIT)
 Values
   (5022, 2007, 9, 2, 39.99);
Insert into RIGHE_ORDINE
   (ID_RIGA, ID_ORDINE, ID_PRODOTTO, QUANTITA, PREZZO_UNIT)
 Values
   (5023, 2008, 2, 1, 799.99);
Insert into RIGHE_ORDINE
   (ID_RIGA, ID_ORDINE, ID_PRODOTTO, QUANTITA, PREZZO_UNIT)
 Values
   (5024, 2008, 3, 1, 129.99);
Insert into RIGHE_ORDINE
   (ID_RIGA, ID_ORDINE, ID_PRODOTTO, QUANTITA, PREZZO_UNIT)
 Values
   (5025, 2008, 6, 1, 49.99);
Insert into RIGHE_ORDINE
   (ID_RIGA, ID_ORDINE, ID_PRODOTTO, QUANTITA, PREZZO_UNIT)
 Values
   (5026, 2009, 8, 1, 599.99);
Insert into RIGHE_ORDINE
   (ID_RIGA, ID_ORDINE, ID_PRODOTTO, QUANTITA, PREZZO_UNIT)
 Values
   (5027, 2009, 7, 1, 199.99);
Insert into RIGHE_ORDINE
   (ID_RIGA, ID_ORDINE, ID_PRODOTTO, QUANTITA, PREZZO_UNIT)
 Values
   (5028, 2009, 10, 2, 24.99);
Insert into RIGHE_ORDINE
   (ID_RIGA, ID_ORDINE, ID_PRODOTTO, QUANTITA, PREZZO_UNIT)
 Values
   (5029, 2010, 1, 1, 599.99);
Insert into RIGHE_ORDINE
   (ID_RIGA, ID_ORDINE, ID_PRODOTTO, QUANTITA, PREZZO_UNIT)
 Values
   (5030, 2010, 5, 2, 89.99);
Insert into RIGHE_ORDINE
   (ID_RIGA, ID_ORDINE, ID_PRODOTTO, QUANTITA, PREZZO_UNIT)
 Values
   (5031, 2010, 9, 1, 39.99);
Insert into RIGHE_ORDINE
   (ID_RIGA, ID_ORDINE, ID_PRODOTTO, QUANTITA, PREZZO_UNIT)
 Values
   (5032, 2011, 3, 1, 129.99);
Insert into RIGHE_ORDINE
   (ID_RIGA, ID_ORDINE, ID_PRODOTTO, QUANTITA, PREZZO_UNIT)
 Values
   (5033, 2011, 4, 1, 349.99);
Insert into RIGHE_ORDINE
   (ID_RIGA, ID_ORDINE, ID_PRODOTTO, QUANTITA, PREZZO_UNIT)
 Values
   (5034, 2011, 6, 2, 49.99);
Insert into RIGHE_ORDINE
   (ID_RIGA, ID_ORDINE, ID_PRODOTTO, QUANTITA, PREZZO_UNIT)
 Values
   (5035, 2012, 2, 1, 799.99);
Insert into RIGHE_ORDINE
   (ID_RIGA, ID_ORDINE, ID_PRODOTTO, QUANTITA, PREZZO_UNIT)
 Values
   (5036, 2012, 7, 1, 199.99);
Insert into RIGHE_ORDINE
   (ID_RIGA, ID_ORDINE, ID_PRODOTTO, QUANTITA, PREZZO_UNIT)
 Values
   (5037, 2012, 10, 3, 24.99);
Insert into RIGHE_ORDINE
   (ID_RIGA, ID_ORDINE, ID_PRODOTTO, QUANTITA, PREZZO_UNIT)
 Values
   (5038, 2013, 1, 1, 599.99);
Insert into RIGHE_ORDINE
   (ID_RIGA, ID_ORDINE, ID_PRODOTTO, QUANTITA, PREZZO_UNIT)
 Values
   (5039, 2013, 5, 1, 89.99);
Insert into RIGHE_ORDINE
   (ID_RIGA, ID_ORDINE, ID_PRODOTTO, QUANTITA, PREZZO_UNIT)
 Values
   (5040, 2013, 8, 1, 599.99);
Insert into RIGHE_ORDINE
   (ID_RIGA, ID_ORDINE, ID_PRODOTTO, QUANTITA, PREZZO_UNIT)
 Values
   (5041, 2014, 4, 1, 349.99);
Insert into RIGHE_ORDINE
   (ID_RIGA, ID_ORDINE, ID_PRODOTTO, QUANTITA, PREZZO_UNIT)
 Values
   (5042, 2014, 6, 1, 49.99);
Insert into RIGHE_ORDINE
   (ID_RIGA, ID_ORDINE, ID_PRODOTTO, QUANTITA, PREZZO_UNIT)
 Values
   (5043, 2014, 9, 2, 39.99);
Insert into RIGHE_ORDINE
   (ID_RIGA, ID_ORDINE, ID_PRODOTTO, QUANTITA, PREZZO_UNIT)
 Values
   (5044, 2015, 3, 1, 129.99);
Insert into RIGHE_ORDINE
   (ID_RIGA, ID_ORDINE, ID_PRODOTTO, QUANTITA, PREZZO_UNIT)
 Values
   (5045, 2015, 5, 2, 89.99);
Insert into RIGHE_ORDINE
   (ID_RIGA, ID_ORDINE, ID_PRODOTTO, QUANTITA, PREZZO_UNIT)
 Values
   (5046, 2015, 10, 1, 24.99);
Insert into RIGHE_ORDINE
   (ID_RIGA, ID_ORDINE, ID_PRODOTTO, QUANTITA, PREZZO_UNIT)
 Values
   (5047, 2016, 8, 1, 599.99);
Insert into RIGHE_ORDINE
   (ID_RIGA, ID_ORDINE, ID_PRODOTTO, QUANTITA, PREZZO_UNIT)
 Values
   (5048, 2016, 7, 1, 199.99);
Insert into RIGHE_ORDINE
   (ID_RIGA, ID_ORDINE, ID_PRODOTTO, QUANTITA, PREZZO_UNIT)
 Values
   (5049, 2016, 1, 1, 599.99);
Insert into RIGHE_ORDINE
   (ID_RIGA, ID_ORDINE, ID_PRODOTTO, QUANTITA, PREZZO_UNIT)
 Values
   (5050, 2017, 2, 1, 799.99);
Insert into RIGHE_ORDINE
   (ID_RIGA, ID_ORDINE, ID_PRODOTTO, QUANTITA, PREZZO_UNIT)
 Values
   (5051, 2017, 4, 1, 349.99);
Insert into RIGHE_ORDINE
   (ID_RIGA, ID_ORDINE, ID_PRODOTTO, QUANTITA, PREZZO_UNIT)
 Values
   (5052, 2017, 6, 1, 49.99);
Insert into RIGHE_ORDINE
   (ID_RIGA, ID_ORDINE, ID_PRODOTTO, QUANTITA, PREZZO_UNIT)
 Values
   (5053, 2018, 3, 1, 129.99);
Insert into RIGHE_ORDINE
   (ID_RIGA, ID_ORDINE, ID_PRODOTTO, QUANTITA, PREZZO_UNIT)
 Values
   (5054, 2018, 5, 1, 89.99);
Insert into RIGHE_ORDINE
   (ID_RIGA, ID_ORDINE, ID_PRODOTTO, QUANTITA, PREZZO_UNIT)
 Values
   (5055, 2018, 9, 2, 39.99);
Insert into RIGHE_ORDINE
   (ID_RIGA, ID_ORDINE, ID_PRODOTTO, QUANTITA, PREZZO_UNIT)
 Values
   (5056, 2019, 1, 1, 599.99);
Insert into RIGHE_ORDINE
   (ID_RIGA, ID_ORDINE, ID_PRODOTTO, QUANTITA, PREZZO_UNIT)
 Values
   (5057, 2019, 7, 1, 199.99);
Insert into RIGHE_ORDINE
   (ID_RIGA, ID_ORDINE, ID_PRODOTTO, QUANTITA, PREZZO_UNIT)
 Values
   (5058, 2019, 10, 2, 24.99);
Insert into RIGHE_ORDINE
   (ID_RIGA, ID_ORDINE, ID_PRODOTTO, QUANTITA, PREZZO_UNIT)
 Values
   (5059, 2020, 2, 1, 799.99);
Insert into RIGHE_ORDINE
   (ID_RIGA, ID_ORDINE, ID_PRODOTTO, QUANTITA, PREZZO_UNIT)
 Values
   (5060, 2020, 8, 1, 599.99);
Insert into RIGHE_ORDINE
   (ID_RIGA, ID_ORDINE, ID_PRODOTTO, QUANTITA, PREZZO_UNIT)
 Values
   (5061, 2020, 5, 1, 89.99);
Insert into RIGHE_ORDINE
   (ID_RIGA, ID_ORDINE, ID_PRODOTTO, QUANTITA, PREZZO_UNIT)
 Values
   (5062, 2021, 3, 1, 129.99);
Insert into RIGHE_ORDINE
   (ID_RIGA, ID_ORDINE, ID_PRODOTTO, QUANTITA, PREZZO_UNIT)
 Values
   (5063, 2021, 4, 1, 349.99);
Insert into RIGHE_ORDINE
   (ID_RIGA, ID_ORDINE, ID_PRODOTTO, QUANTITA, PREZZO_UNIT)
 Values
   (5064, 2021, 6, 2, 49.99);
Insert into RIGHE_ORDINE
   (ID_RIGA, ID_ORDINE, ID_PRODOTTO, QUANTITA, PREZZO_UNIT)
 Values
   (5065, 2022, 1, 1, 599.99);
Insert into RIGHE_ORDINE
   (ID_RIGA, ID_ORDINE, ID_PRODOTTO, QUANTITA, PREZZO_UNIT)
 Values
   (5066, 2022, 5, 1, 89.99);
Insert into RIGHE_ORDINE
   (ID_RIGA, ID_ORDINE, ID_PRODOTTO, QUANTITA, PREZZO_UNIT)
 Values
   (5067, 2022, 9, 1, 39.99);
Insert into RIGHE_ORDINE
   (ID_RIGA, ID_ORDINE, ID_PRODOTTO, QUANTITA, PREZZO_UNIT)
 Values
   (5068, 2023, 8, 1, 599.99);
Insert into RIGHE_ORDINE
   (ID_RIGA, ID_ORDINE, ID_PRODOTTO, QUANTITA, PREZZO_UNIT)
 Values
   (5069, 2023, 7, 1, 199.99);
Insert into RIGHE_ORDINE
   (ID_RIGA, ID_ORDINE, ID_PRODOTTO, QUANTITA, PREZZO_UNIT)
 Values
   (5070, 2023, 10, 2, 24.99);
Insert into RIGHE_ORDINE
   (ID_RIGA, ID_ORDINE, ID_PRODOTTO, QUANTITA, PREZZO_UNIT)
 Values
   (5071, 2024, 2, 1, 799.99);
Insert into RIGHE_ORDINE
   (ID_RIGA, ID_ORDINE, ID_PRODOTTO, QUANTITA, PREZZO_UNIT)
 Values
   (5072, 2024, 3, 1, 129.99);
Insert into RIGHE_ORDINE
   (ID_RIGA, ID_ORDINE, ID_PRODOTTO, QUANTITA, PREZZO_UNIT)
 Values
   (5073, 2024, 6, 1, 49.99);
Insert into RIGHE_ORDINE
   (ID_RIGA, ID_ORDINE, ID_PRODOTTO, QUANTITA, PREZZO_UNIT)
 Values
   (5074, 2025, 4, 1, 349.99);
Insert into RIGHE_ORDINE
   (ID_RIGA, ID_ORDINE, ID_PRODOTTO, QUANTITA, PREZZO_UNIT)
 Values
   (5075, 2025, 5, 2, 89.99);
Insert into RIGHE_ORDINE
   (ID_RIGA, ID_ORDINE, ID_PRODOTTO, QUANTITA, PREZZO_UNIT)
 Values
   (5076, 2025, 9, 1, 39.99);
Insert into RIGHE_ORDINE
   (ID_RIGA, ID_ORDINE, ID_PRODOTTO, QUANTITA, PREZZO_UNIT)
 Values
   (5077, 2026, 1, 1, 599.99);
Insert into RIGHE_ORDINE
   (ID_RIGA, ID_ORDINE, ID_PRODOTTO, QUANTITA, PREZZO_UNIT)
 Values
   (5078, 2026, 7, 1, 199.99);
Insert into RIGHE_ORDINE
   (ID_RIGA, ID_ORDINE, ID_PRODOTTO, QUANTITA, PREZZO_UNIT)
 Values
   (5079, 2026, 8, 1, 599.99);
Insert into RIGHE_ORDINE
   (ID_RIGA, ID_ORDINE, ID_PRODOTTO, QUANTITA, PREZZO_UNIT)
 Values
   (5080, 2027, 2, 1, 799.99);
Insert into RIGHE_ORDINE
   (ID_RIGA, ID_ORDINE, ID_PRODOTTO, QUANTITA, PREZZO_UNIT)
 Values
   (5081, 2027, 5, 1, 89.99);
Insert into RIGHE_ORDINE
   (ID_RIGA, ID_ORDINE, ID_PRODOTTO, QUANTITA, PREZZO_UNIT)
 Values
   (5082, 2027, 10, 2, 24.99);
Insert into RIGHE_ORDINE
   (ID_RIGA, ID_ORDINE, ID_PRODOTTO, QUANTITA, PREZZO_UNIT)
 Values
   (5083, 2028, 3, 1, 129.99);
Insert into RIGHE_ORDINE
   (ID_RIGA, ID_ORDINE, ID_PRODOTTO, QUANTITA, PREZZO_UNIT)
 Values
   (5084, 2028, 4, 1, 349.99);
Insert into RIGHE_ORDINE
   (ID_RIGA, ID_ORDINE, ID_PRODOTTO, QUANTITA, PREZZO_UNIT)
 Values
   (5085, 2028, 6, 1, 49.99);
Insert into RIGHE_ORDINE
   (ID_RIGA, ID_ORDINE, ID_PRODOTTO, QUANTITA, PREZZO_UNIT)
 Values
   (5086, 2029, 1, 1, 599.99);
Insert into RIGHE_ORDINE
   (ID_RIGA, ID_ORDINE, ID_PRODOTTO, QUANTITA, PREZZO_UNIT)
 Values
   (5087, 2029, 8, 1, 599.99);
Insert into RIGHE_ORDINE
   (ID_RIGA, ID_ORDINE, ID_PRODOTTO, QUANTITA, PREZZO_UNIT)
 Values
   (5088, 2029, 9, 2, 39.99);
Insert into RIGHE_ORDINE
   (ID_RIGA, ID_ORDINE, ID_PRODOTTO, QUANTITA, PREZZO_UNIT)
 Values
   (5089, 2030, 2, 1, 799.99);
Insert into RIGHE_ORDINE
   (ID_RIGA, ID_ORDINE, ID_PRODOTTO, QUANTITA, PREZZO_UNIT)
 Values
   (5090, 2030, 3, 1, 129.99);
Insert into RIGHE_ORDINE
   (ID_RIGA, ID_ORDINE, ID_PRODOTTO, QUANTITA, PREZZO_UNIT)
 Values
   (5091, 2030, 7, 1, 199.99);
Insert into RIGHE_ORDINE
   (ID_RIGA, ID_ORDINE, ID_PRODOTTO, QUANTITA, PREZZO_UNIT)
 Values
   (5092, 2030, 10, 3, 24.99);
Insert into RIGHE_ORDINE
   (ID_RIGA, ID_ORDINE, ID_PRODOTTO, QUANTITA, PREZZO_UNIT)
 Values
   (5093, 2030, 5, 1, 89.99);
Insert into RIGHE_ORDINE
   (ID_RIGA, ID_ORDINE, ID_PRODOTTO, QUANTITA, PREZZO_UNIT)
 Values
   (5094, 2001, 4, 1, 349.99);
Insert into RIGHE_ORDINE
   (ID_RIGA, ID_ORDINE, ID_PRODOTTO, QUANTITA, PREZZO_UNIT)
 Values
   (5095, 2002, 8, 1, 599.99);
Insert into RIGHE_ORDINE
   (ID_RIGA, ID_ORDINE, ID_PRODOTTO, QUANTITA, PREZZO_UNIT)
 Values
   (5096, 2003, 2, 1, 799.99);
Insert into RIGHE_ORDINE
   (ID_RIGA, ID_ORDINE, ID_PRODOTTO, QUANTITA, PREZZO_UNIT)
 Values
   (5097, 2004, 7, 1, 199.99);
Insert into RIGHE_ORDINE
   (ID_RIGA, ID_ORDINE, ID_PRODOTTO, QUANTITA, PREZZO_UNIT)
 Values
   (5098, 2005, 1, 1, 599.99);
Insert into RIGHE_ORDINE
   (ID_RIGA, ID_ORDINE, ID_PRODOTTO, QUANTITA, PREZZO_UNIT)
 Values
   (5099, 2006, 3, 1, 129.99);
Insert into RIGHE_ORDINE
   (ID_RIGA, ID_ORDINE, ID_PRODOTTO, QUANTITA, PREZZO_UNIT)
 Values
   (5100, 2007, 6, 1, 49.99);
